Company,Benefit
Netflix,4297049.661334487
Tesla,202000.0
Grab,198000.0
Rivian,170555.55555555556
Palantir,150000.0
