Location_HQ,0
Florianópolis,0.18
Belo Horizonte,0.17710627400768245
Curitiba,0.16523809512200177
Sao Paulo,0.1254755474335981
