Industry,0
Transportation,0.11515144627305177
Real Estate,0.10653941511922983
Logistics,0.105
Other,0.09913432835820894
Food,0.09088539145144774
