Location_HQ,0
Joinville,0.36208530805687206
Porto Alegre,0.26078622970535176
Blumenau,0.256388146449259
Brasilia,0.2
