Industry,0
Sales,0.4
Fitness,0.33
Travel,0.288133621423753
HR,0.26078622970535176
Support,0.25
