Country,Laid_Off_Count
United States,434794.86013986013
India,44450.13986013986
Netherlands,18229.65034965035
United Kingdom,16540.377622377622
Brazil,12915.125874125873
