Location_HQ,Laid_Off_Count
SF Bay Area,191463.8041958042
Seattle,52447.61538461538
New York City,49913.41958041958
Bengaluru,25962.776223776225
Boston,21302.090909090908
Amsterdam,18149.65034965035
London,16531.79020979021
Los Angeles,16256.678321678322
Austin,15237.601398601399
Stockholm,12241.65034965035
