Industry,0
Support,0.18520642154195102
Retail,0.17803970092512889
Fitness,0.17438013377536327
Education,0.1161599081954422
Food,0.07866837104202902
