Industry,0
Construction,0.5
Crypto,0.40722945047346043
Recruiting,0.4
Finance,0.3110521244500219
Other,0.27517369372799083
