Location_HQ,0
New Delhi,0.1794264539148984
Mumbai,0.17787000601835595
Bengaluru,0.12884619842319586
Pune,0.11
Patna,0.05
