Location_HQ,0
Ahmedabad,0.5
Noida,0.4148562742870417
Chennai,0.3214285714285714
Hyderabad,0.26078622970535176
Indore,0.26078622970535176
