Industry,Laid_Off_Count
Retail,71604.05594405594
Consumer,65096.44055944056
Finance,53190.545454545456
Other,50644.454545454544
Transportation,46848.91608391608
Healthcare,44333.23076923077
Food,37825.39160839161
Real Estate,29684.566433566433
Hardware,26974.88811188811
Travel,22459.664335664336
