Industry,0
Other,0.2980192066823877
Food,0.26078622970535176
Travel,0.25
