Location_HQ,0
The Hague,0.26078622970535176
Amsterdam,0.1085346086128443
