Industry,0
Other,0.167019662676292
Finance,0.15863861500576643
HR,0.1361862154360519
Security,0.07846059616169866
Consumer,0.03025426383559654
