Industry,0
Product,1.0
Aerospace,0.8499999999999999
Marketing,0.4104692161649037
Retail,0.33878899568298443
Travel,0.3088918738036494
