Location_HQ,0
Bristol,0.21545706196264375
Edinburgh,0.2
London,0.1992757782241631
Chester,0.16
Manchester,0.07
