Location_HQ,0
Austin,0.07995772134129034
Boise,0.07810212957921586
St. Louis,0.07004624740707094
Seattle,0.047999169916488026
Kansas City,0.02
Los Angeles,0.0
