Industry,0
Energy,0.26188117216513496
Travel,0.2445544081577273
Aerospace,0.23254752646167234
Education,0.22513037915931453
Manufacturing,0.21347231272673467
