Industry,0
Logistics,0.0812763799295568
Retail,0.057555001102814494
Sales,0.05206598529286647
Hardware,0.05027129617843709
Support,0.0
